"state","HCCI_category","Year","spending_per_member","OOP_spending_per_member","adjusted_price","adjusted_utilization_per_1000","annual_pct_change_spending_per_member","annual_pct_change_adjusted_price","annual_pct_change_adjusted_utilization_per_1000"
"AK","IP",2014,1182.81,"38.859","26,343.99","44.899",0,0,0
"AK","IP",2015,1307.04,"45.143","29,562.73","44.213",0.105,0.122,-0.015
"AK","IP",2016,1329.59,"44.36","31,706.56","41.934",0.017,0.073,-0.052
"AK","IP",2017,1228.46,"42.698","30,444.47","40.351",-0.076,-0.04,-0.038
"AK","OP",2014,1893,"223.698","652.167","2,902.63",0,0,0
"AK","OP",2015,2120.24,"239.7","701.049","3,024.38",0.12,0.074,0.043
"AK","OP",2016,2174.1,"254.1","727.122","2,990.01",0.025,0.037,-0.011
"AK","OP",2017,2087.04,"262.021","709.421","2,941.89",-0.04,-0.022,-0.018
"AK","PH",2014,3001.08,"487.293","213.845","14,033.94",0,0,0
"AK","PH",2015,3194.76,"505.275","227.674","14,032.15",0.065,0.065,0
"AK","PH",2016,3215.86,"533.27","233.263","13,786.43",0.007,0.025,-0.018
"AK","PH",2017,3090.79,"537.652","234.288","13,192.28",-0.039,0.004,-0.043
"AK","RX",2014,991.76,"87.682","101.814","9,740.92",0,0,0
"AK","RX",2015,1108.46,"82.638","111.964","9,900.18",0.118,0.1,0.016
"AK","RX",2016,1172.8,"84.668","116.931","10,029.87",0.058,0.044,0.013
"AK","RX",2017,1121.05,"87.988","112.726","9,944.87",-0.044,-0.036,-0.008
"AL","IP",2014,875.26,"58.319","14,694.82","59.562",0,0,0
"AL","IP",2015,854.66,"56.33","14,865.91","57.491",-0.024,0.012,-0.035
"AL","IP",2016,989.92,"59.278","15,762.27","62.803",0.158,0.06,0.092
"AL","IP",2017,950.13,"62.207","15,700.05","60.517",-0.04,-0.004,-0.036
"AL","OP",2014,1208.59,"243.509","416.545","2,901.47",0,0,0
"AL","OP",2015,1246.64,"260.697","425.837","2,927.51",0.031,0.024,0.008
"AL","OP",2016,1333.56,"283.567","444.616","2,999.35",0.07,0.039,0.03
"AL","OP",2017,1365.12,"299.963","478.745","2,851.46",0.024,0.08,-0.051
"AL","PH",2014,1502.85,"392.955","85.946","17,485.89",0,0,0
"AL","PH",2015,1548.88,"430.551","87.192","17,763.98",0.031,0.014,0.016
"AL","PH",2016,1610.86,"434.821","89.811","17,936.02",0.04,0.03,0.01
"AL","PH",2017,1613.53,"442.938","90.338","17,861.11",0.002,0.006,-0.004
"AL","RX",2014,912.45,"198.683","80.478","11,337.89",0,0,0
"AL","RX",2015,971.59,"190.774","85.767","11,328.17",0.065,0.066,-0.001
"AL","RX",2016,1052.06,"190.638","93.202","11,287.97",0.083,0.087,-0.004
"AL","RX",2017,1126.52,"188.732","96.441","11,680.93",0.071,0.035,0.035
"AR","IP",2014,790.56,"61.215","12,823.15","61.651",0,0,0
"AR","IP",2015,790.51,"60.275","13,608.71","58.088",0,0.061,-0.058
"AR","IP",2016,851.31,"65.06","14,219.88","59.868",0.077,0.045,0.031
"AR","IP",2017,869,"65.331","14,369.21","60.477",0.021,0.011,0.01
"AR","OP",2014,974.94,"214.877","377.298","2,584.01",0,0,0
"AR","OP",2015,1001.17,"230.487","389.197","2,572.39",0.027,0.033,-0.005
"AR","OP",2016,1068.28,"251.953","400.844","2,665.09",0.067,0.027,0.039
"AR","OP",2017,1106.83,"271.983","425.426","2,601.70",0.036,0.06,-0.022
"AR","PH",2014,1374.61,"350.948","86.647","15,864.56",0,0,0
"AR","PH",2015,1436.17,"379.339","89.983","15,960.44",0.045,0.039,0.006
"AR","PH",2016,1482.41,"401.992","90.602","16,361.90",0.032,0.007,0.025
"AR","PH",2017,1531.62,"416.776","91.819","16,680.83",0.033,0.013,0.019
"AR","RX",2014,879.57,"198.808","78.659","11,182.10",0,0,0
"AR","RX",2015,936.1,"194.267","84.486","11,079.90",0.064,0.074,-0.009
"AR","RX",2016,1055.06,"197.427","92.204","11,442.73",0.127,0.091,0.033
"AR","RX",2017,1109.73,"195.532","94.67","11,722.12",0.052,0.027,0.024
"AZ","IP",2014,923.29,"66.055","15,595.97","59.2",0,0,0
"AZ","IP",2015,931.66,"62.625","16,674.19","55.874",0.009,0.069,-0.056
"AZ","IP",2016,973.87,"63.302","17,502.62","55.641",0.045,0.05,-0.004
"AZ","IP",2017,1006.86,"64.759","18,282.47","55.072",0.034,0.045,-0.01
"AZ","OP",2014,1026.66,"189.104","675.679","1,519.45",0,0,0
"AZ","OP",2015,1074.67,"208.421","697.649","1,540.41",0.047,0.034,0.014
"AZ","OP",2016,1171.72,"232.537","743.329","1,576.32",0.09,0.066,0.023
"AZ","OP",2017,1275.36,"253.052","807.276","1,579.83",0.088,0.086,0.002
"AZ","PH",2014,1582.64,"386.336","90.825","17,425.22",0,0,0
"AZ","PH",2015,1601.54,"405.949","92.713","17,274.15",0.012,0.021,-0.009
"AZ","PH",2016,1695.44,"427.641","98.244","17,257.54",0.059,0.06,-0.001
"AZ","PH",2017,1766.54,"443.045","103.567","17,056.99",0.042,0.054,-0.012
"AZ","RX",2014,784.77,"157.321","92.256","8,506.46",0,0,0
"AZ","RX",2015,849.51,"148.546","99.385","8,547.68",0.082,0.077,0.005
"AZ","RX",2016,890.98,"148.98","104.516","8,524.84",0.049,0.052,-0.003
"AZ","RX",2017,915.3,"145.804","106.588","8,587.21",0.027,0.02,0.007
"CA","IP",2014,1218.48,"36.446","27,324.84","44.593",0,0,0
"CA","IP",2015,1243.47,"35.976","28,541.42","43.567",0.021,0.045,-0.023
"CA","IP",2016,1274.9,"35.206","29,678.79","42.956",0.025,0.04,-0.014
"CA","IP",2017,1296.64,"34.536","31,824.43","40.743",0.017,0.072,-0.052
"CA","OP",2014,1160.91,"142.458","782.903","1,482.82",0,0,0
"CA","OP",2015,1172.67,"140.291","810.128","1,447.51",0.01,0.035,-0.024
"CA","OP",2016,1235.06,"143.922","847.499","1,457.30",0.053,0.047,0.006
"CA","OP",2017,1282.4,"146.208","889.902","1,441.06",0.038,0.049,-0.01
"CA","PH",2014,1889.98,"281.352","103.404","18,277.64",0,0,0
"CA","PH",2015,1921.58,"280.823","105.905","18,144.37",0.017,0.024,-0.007
"CA","PH",2016,1970.88,"285.776","109.899","17,933.64",0.026,0.038,-0.012
"CA","PH",2017,2113.85,"287.306","117.399","18,005.65",0.073,0.068,0.004
"CA","RX",2014,698.56,"106.541","80.614","8,665.48",0,0,0
"CA","RX",2015,775.08,"102.077","89.644","8,646.20",0.11,0.112,-0.002
"CA","RX",2016,784.85,"96.923","92.957","8,443.22",0.013,0.037,-0.023
"CA","RX",2017,790.82,"96.061","91.895","8,605.72",0.008,-0.011,0.019
"CO","IP",2014,1006.79,"57.019","19,212.48","52.403",0,0,0
"CO","IP",2015,1035.61,"55.674","20,282.40","51.06",0.029,0.056,-0.026
"CO","IP",2016,1041.42,"58.173","20,463.62","50.891",0.006,0.009,-0.003
"CO","IP",2017,1085.85,"56.551","21,427.97","50.674",0.043,0.047,-0.004
"CO","OP",2014,1406.34,"253.373","663.928","2,118.21",0,0,0
"CO","OP",2015,1467.32,"264.33","690.377","2,125.39",0.043,0.04,0.003
"CO","OP",2016,1496.78,"273.017","712.434","2,100.94",0.02,0.032,-0.012
"CO","OP",2017,1604.59,"280.406","762.623","2,104.04",0.072,0.07,0.002
"CO","PH",2014,1673.73,"381.87","102.96","16,256.13",0,0,0
"CO","PH",2015,1705.95,"399.767","106.101","16,078.46",0.019,0.031,-0.011
"CO","PH",2016,1735.67,"412.776","109.233","15,889.61",0.017,0.03,-0.012
"CO","PH",2017,1834.69,"424.955","114.458","16,029.31",0.057,0.048,0.009
"CO","RX",2014,847.01,"163.358","99.409","8,520.44",0,0,0
"CO","RX",2015,895.26,"154.987","107.051","8,362.91",0.057,0.077,-0.018
"CO","RX",2016,924.6,"153.046","113.15","8,171.41",0.033,0.057,-0.023
"CO","RX",2017,969.55,"147.362","113.93","8,509.98",0.049,0.007,0.041
"CT","IP",2014,983.43,"38.815","18,603.17","52.864",0,0,0
"CT","IP",2015,959.72,"38.128","19,146.42","50.125",-0.024,0.029,-0.052
"CT","IP",2016,1031.41,"39.104","20,312.13","50.778",0.075,0.061,0.013
"CT","IP",2017,1108.53,"41.572","21,360.42","51.896",0.075,0.052,0.022
"CT","OP",2014,1400.37,"210.971","352.398","3,973.84",0,0,0
"CT","OP",2015,1427.21,"215.391","367.952","3,878.80",0.019,0.045,-0.024
"CT","OP",2016,1520.89,"224.393","378.576","4,017.41",0.066,0.029,0.036
"CT","OP",2017,1599.77,"238.945","398.53","4,014.18",0.052,0.053,-0.001
"CT","PH",2014,2024.21,"420.538","116.115","17,432.78",0,0,0
"CT","PH",2015,2024.39,"431.197","119.572","16,930.37",0,0.03,-0.029
"CT","PH",2016,2104.69,"439.705","121.918","17,263.19",0.04,0.02,0.02
"CT","PH",2017,2200.43,"460.048","127.138","17,307.42",0.045,0.043,0.003
"CT","RX",2014,1107.01,"187.067","111.403","9,937.03",0,0,0
"CT","RX",2015,1206.27,"176.665","121.155","9,956.48",0.09,0.088,0.002
"CT","RX",2016,1298.08,"174.599","127.5","10,181.03",0.076,0.052,0.023
"CT","RX",2017,1330.39,"170.375","129.419","10,279.70",0.025,0.015,0.01
"DC","IP",2014,838.71,"28.617","14,599.31","57.449",0,0,0
"DC","IP",2015,998.5,"27.829","18,136.81","55.054",0.191,0.242,-0.042
"DC","IP",2016,913.9,"26.507","16,363.90","55.849",-0.085,-0.098,0.014
"DC","IP",2017,1040.13,"27.293","18,302.56","56.829",0.138,0.118,0.018
"DC","OP",2014,1024.94,"115.511","569.763","1,798.88",0,0,0
"DC","OP",2015,1048.6,"116.811","593.717","1,766.17",0.023,0.041,-0.016
"DC","OP",2016,1081.69,"122.918","616.389","1,754.88",0.032,0.038,-0.006
"DC","OP",2017,1098.95,"123.386","652.448","1,684.35",0.016,0.059,-0.04
"DC","PH",2014,1759.19,"327.201","96.245","18,278.24",0,0,0
"DC","PH",2015,1853.57,"348.664","99.485","18,631.71",0.054,0.034,0.019
"DC","PH",2016,1915.32,"357.732","103.118","18,573.99",0.033,0.037,-0.003
"DC","PH",2017,1983.7,"374.284","104.407","18,999.69",0.036,0.012,0.023
"DC","RX",2014,1098.13,"145.269","131.77","8,333.72",0,0,0
"DC","RX",2015,1239.03,"138.965","150.368","8,239.95",0.128,0.141,-0.011
"DC","RX",2016,1325.72,"138.999","162.592","8,153.63",0.07,0.081,-0.01
"DC","RX",2017,1406.58,"132.868","171.622","8,195.79",0.061,0.056,0.005
"DE","IP",2014,1094.85,"51.338","18,946.37","57.787",0,0,0
"DE","IP",2015,1304.95,"59.25","21,914.37","59.548",0.192,0.157,0.03
"DE","IP",2016,1317.66,"56.257","22,220.12","59.3",0.01,0.014,-0.004
"DE","IP",2017,1197.49,"48.875","22,007.83","54.412",-0.091,-0.01,-0.082
"DE","OP",2014,1634.16,"238.369","602.289","2,713.25",0,0,0
"DE","OP",2015,1652.04,"257.886","625.358","2,641.75",0.011,0.041,-0.027
"DE","OP",2016,1787.84,"287.29","666.978","2,680.51",0.082,0.066,0.017
"DE","OP",2017,1710.63,"251.266","653.977","2,615.73",-0.043,-0.018,-0.026
"DE","PH",2014,1550.65,"339.267","96.67","16,040.63",0,0,0
"DE","PH",2015,1618.36,"368.342","99.019","16,343.85",0.044,0.024,0.019
"DE","PH",2016,1660.94,"388.182","102.365","16,225.77",0.026,0.034,-0.007
"DE","PH",2017,1683.7,"355.905","106.694","15,780.64",0.014,0.042,-0.027
"DE","RX",2014,1058.13,"183.329","100.483","10,530.53",0,0,0
"DE","RX",2015,1148.26,"177.697","111.002","10,344.53",0.085,0.105,-0.018
"DE","RX",2016,1147.79,"181.884","108.253","10,602.86",0,-0.025,0.025
"DE","RX",2017,1200.87,"175.607","113.255","10,603.22",0.046,0.046,0
"FL","IP",2014,1058.5,"63.761","17,207.12","61.515",0,0,0
"FL","IP",2015,1087.17,"64.343","18,085.13","60.114",0.027,0.051,-0.023
"FL","IP",2016,1151.07,"68.62","18,927.89","60.813",0.059,0.047,0.012
"FL","IP",2017,1186.48,"70.692","19,590.72","60.564",0.031,0.035,-0.004
"FL","OP",2014,1242.96,"199.493","634.888","1,957.77",0,0,0
"FL","OP",2015,1305.59,"217.958","672.583","1,941.16",0.05,0.06,-0.009
"FL","OP",2016,1376.98,"235.562","703.011","1,958.69",0.055,0.046,0.009
"FL","OP",2017,1455.42,"246.228","745.007","1,953.57",0.057,0.06,-0.002
"FL","PH",2014,1788.22,"404.8","94.944","18,834.56",0,0,0
"FL","PH",2015,1788.38,"418.028","96.348","18,561.58",0,0.015,-0.014
"FL","PH",2016,1808.9,"422.439","98.372","18,388.23",0.011,0.021,-0.009
"FL","PH",2017,1873.25,"427.29","102.588","18,259.90",0.036,0.043,-0.007
"FL","RX",2014,1001.96,"185.952","104.447","9,593.00",0,0,0
"FL","RX",2015,1059.58,"175.957","111.496","9,503.33",0.058,0.067,-0.009
"FL","RX",2016,1071.94,"170.192","113.816","9,418.24",0.012,0.021,-0.009
"FL","RX",2017,1102.58,"163.074","112.931","9,763.31",0.029,-0.008,0.037
"GA","IP",2014,858.02,"49.646","16,148.11","53.134",0,0,0
"GA","IP",2015,875.3,"51.806","16,715.72","52.364",0.02,0.035,-0.015
"GA","IP",2016,963.58,"55.032","17,722.31","54.371",0.101,0.06,0.038
"GA","IP",2017,1011.12,"59.572","18,698.57","54.075",0.049,0.055,-0.005
"GA","OP",2014,1296.85,"232.983","606.199","2,139.32",0,0,0
"GA","OP",2015,1393.41,"258.807","643.796","2,164.36",0.074,0.061,0.012
"GA","OP",2016,1488.95,"282.915","671.544","2,217.21",0.069,0.043,0.024
"GA","OP",2017,1542.95,"302.026","705.6","2,186.73",0.036,0.052,-0.015
"GA","PH",2014,1776.17,"403.788","100.259","17,715.85",0,0,0
"GA","PH",2015,1835.08,"428.913","103.148","17,790.72",0.033,0.029,0.004
"GA","PH",2016,1880.66,"442.849","106.044","17,734.64",0.025,0.028,-0.003
"GA","PH",2017,1961.15,"458.481","110.339","17,773.95",0.043,0.04,0.002
"GA","RX",2014,952.71,"200.664","94.947","10,034.13",0,0,0
"GA","RX",2015,1037.95,"198.911","102.941","10,082.90",0.089,0.084,0.005
"GA","RX",2016,1115.86,"196.682","109.104","10,227.48",0.075,0.06,0.014
"GA","RX",2017,1154.34,"196.213","110.309","10,464.61",0.034,0.011,0.023
"HI","IP",2014,568,"15.034","20,685.39","27.459",0,0,0
"HI","IP",2015,506.56,"23.577","17,618.75","28.751",-0.108,-0.148,0.047
"HI","IP",2016,798.35,"19.257","26,228.07","30.439",0.576,0.489,0.059
"HI","IP",2017,865.23,"18.852","24,425.67","35.423",0.084,-0.069,0.164
"HI","OP",2014,719.51,"85.476","528.279","1,361.99",0,0,0
"HI","OP",2015,686.53,"86.925","553.604","1,240.12",-0.046,0.059,-0.091
"HI","OP",2016,708.87,"81.041","542.942","1,305.61",0.033,-0.021,0.058
"HI","OP",2017,941.18,"92.839","667.129","1,410.80",0.328,0.239,0.085
"HI","PH",2014,914.49,"164.687","80.18","11,405.42",0,0,0
"HI","PH",2015,991.84,"172.279","81.769","12,129.79",0.085,0.02,0.064
"HI","PH",2016,1019.51,"166.102","87.781","11,614.20",0.028,0.074,-0.043
"HI","PH",2017,1217.24,"161.654","96.311","12,638.56",0.194,0.097,0.088
"HI","RX",2014,719.95,"98.704","94.17","7,645.21",0,0,0
"HI","RX",2015,849.98,"106.507","110.607","7,684.67",0.181,0.175,0.005
"HI","RX",2016,785.42,"100.574","107.697","7,292.82",-0.076,-0.026,-0.051
"HI","RX",2017,689.13,"90.153","91.693","7,515.68",-0.123,-0.149,0.031
"IA","IP",2014,832.81,"52.279","14,272.60","58.35",0,0,0
"IA","IP",2015,888.54,"52.512","14,909.30","59.597",0.067,0.045,0.021
"IA","IP",2016,875.51,"50.82","14,674.48","59.662",-0.015,-0.016,0.001
"IA","IP",2017,976.23,"55.98","15,797.73","61.796",0.115,0.077,0.036
"IA","OP",2014,1405.05,"230.71","397.779","3,532.25",0,0,0
"IA","OP",2015,1456.09,"241.234","414.939","3,509.16",0.036,0.041,-0.004
"IA","OP",2016,1538.6,"259.597","444.455","3,461.76",0.057,0.071,-0.013
"IA","OP",2017,1632.69,"283.868","470.798","3,467.92",0.061,0.059,0.002
"IA","PH",2014,1571.52,"362.213","111.436","14,102.44",0,0,0
"IA","PH",2015,1627.28,"376.477","113.771","14,303.12",0.035,0.021,0.014
"IA","PH",2016,1705.36,"398.021","117.189","14,552.23",0.048,0.03,0.017
"IA","PH",2017,1788.87,"417.494","121.075","14,774.82",0.049,0.033,0.015
"IA","RX",2014,816.59,"151.024","75.835","10,768.10",0,0,0
"IA","RX",2015,883.99,"148.54","81.539","10,841.42",0.083,0.075,0.007
"IA","RX",2016,938.53,"151.629","88.104","10,652.51",0.062,0.081,-0.017
"IA","RX",2017,968.6,"142.234","88.652","10,925.79",0.032,0.006,0.026
"ID","IP",2014,1012.74,"58.746","18,587.50","54.485",0,0,0
"ID","IP",2015,1042.77,"55.695","19,015.76","54.837",0.03,0.023,0.006
"ID","IP",2016,1054.26,"58.997","19,164.74","55.01",0.011,0.008,0.003
"ID","IP",2017,1134.9,"60.334","20,752.53","54.687",0.076,0.083,-0.006
"ID","OP",2014,1650.97,"275.959","502.481","3,285.65",0,0,0
"ID","OP",2015,1750.8,"279.254","517.542","3,382.91",0.06,0.028,0.032
"ID","OP",2016,1796.97,"300.514","517.349","3,473.42",0.026,-0.001,0.027
"ID","OP",2017,1820.99,"322.932","544.106","3,346.74",0.013,0.052,-0.036
"ID","PH",2014,1553.86,"379.252","125.705","12,361.18",0,0,0
"ID","PH",2015,1568.31,"368.276","126.027","12,444.28",0.009,0.003,0.007
"ID","PH",2016,1560.82,"375.273","127.135","12,276.87",-0.005,0.009,-0.013
"ID","PH",2017,1572.18,"374.665","129.183","12,170.21",0.007,0.016,-0.009
"ID","RX",2014,789.36,"133.879","88.353","8,934.19",0,0,0
"ID","RX",2015,834.21,"125.774","95.727","8,714.42",0.057,0.083,-0.025
"ID","RX",2016,941.45,"126.094","107.222","8,780.40",0.129,0.12,0.008
"ID","RX",2017,959.5,"125.394","104.925","9,144.55",0.019,-0.021,0.041
"IL","IP",2014,976.42,"48.161","17,070.29","57.2",0,0,0
"IL","IP",2015,965.93,"48.428","17,291.88","55.86",-0.011,0.013,-0.023
"IL","IP",2016,969.09,"50.539","17,350.74","55.853",0.003,0.003,0
"IL","IP",2017,1007.66,"49.531","18,241.72","55.239",0.04,0.051,-0.011
"IL","OP",2014,1565.99,"246.196","467.399","3,350.43",0,0,0
"IL","OP",2015,1600.14,"259.347","473.952","3,376.17",0.022,0.011,0.011
"IL","OP",2016,1663.47,"279.954","478.039","3,479.78",0.04,0.007,0.032
"IL","OP",2017,1758.62,"296.759","510.328","3,446.06",0.057,0.066,-0.008
"IL","PH",2014,1570.7,"346.365","105.216","14,928.27",0,0,0
"IL","PH",2015,1611.93,"358.886","106.449","15,142.80",0.026,0.012,0.014
"IL","PH",2016,1653.94,"368.337","108.123","15,296.85",0.026,0.016,0.01
"IL","PH",2017,1710.75,"381.652","110.945","15,419.87",0.034,0.026,0.008
"IL","RX",2014,869.64,"164.6","93.778","9,273.37",0,0,0
"IL","RX",2015,955.61,"157.561","103.123","9,266.68",0.099,0.1,-0.001
"IL","RX",2016,1015.5,"155.946","109.467","9,276.79",0.063,0.062,0.001
"IL","RX",2017,1057.6,"152.275","111.634","9,473.80",0.041,0.02,0.021
"IN","IP",2014,1187.24,"60.512","20,670.27","57.437",0,0,0
"IN","IP",2015,1185.61,"63.539","21,288.41","55.693",-0.001,0.03,-0.03
"IN","IP",2016,1161.18,"63.194","21,452.81","54.127",-0.021,0.008,-0.028
"IN","IP",2017,1252.29,"65.389","22,908.95","54.664",0.078,0.068,0.01
"IN","OP",2014,2019.47,"343.717","573.659","3,520.32",0,0,0
"IN","OP",2015,2079.63,"372.975","589.804","3,525.96",0.03,0.028,0.002
"IN","OP",2016,2197.03,"401.034","610.086","3,601.18",0.056,0.035,0.021
"IN","OP",2017,2300.44,"427.844","641.786","3,584.44",0.047,0.052,-0.004
"IN","PH",2014,1309.49,"311.961","102.224","12,810.03",0,0,0
"IN","PH",2015,1346.05,"327.733","104.7","12,856.20",0.028,0.024,0.004
"IN","PH",2016,1380.09,"341.481","107.208","12,872.93",0.025,0.024,0.001
"IN","PH",2017,1470.45,"355.304","111.661","13,168.85",0.065,0.042,0.023
"IN","RX",2014,845.28,"183.587","84.219","10,036.68",0,0,0
"IN","RX",2015,888.3,"178.275","88.668","10,018.27",0.051,0.053,-0.002
"IN","RX",2016,978.42,"182.581","95.562","10,238.61",0.101,0.078,0.022
"IN","RX",2017,1030.36,"177.616","96.719","10,653.15",0.053,0.012,0.04
"KS","IP",2014,868.83,"58.813","15,062.18","57.683",0,0,0
"KS","IP",2015,867.52,"56.063","15,314.00","56.649",-0.002,0.017,-0.018
"KS","IP",2016,935.79,"61.692","15,435.94","60.624",0.079,0.008,0.07
"KS","IP",2017,976.19,"64.586","15,981.73","61.082",0.043,0.035,0.008
"KS","OP",2014,1253.24,"245.519","477.88","2,622.50",0,0,0
"KS","OP",2015,1230.31,"247.66","484.726","2,538.15",-0.018,0.014,-0.032
"KS","OP",2016,1354.87,"289.294","481.493","2,813.88",0.101,-0.008,0.111
"KS","OP",2017,1400.19,"314.838","497.71","2,813.27",0.033,0.034,-0.001
"KS","PH",2014,1294.12,"347.812","97.402","13,286.39",0,0,0
"KS","PH",2015,1294.72,"338.627","99","13,077.97",0,0.016,-0.016
"KS","PH",2016,1405.56,"374.352","97.947","14,350.17",0.086,-0.011,0.097
"KS","PH",2017,1441.49,"382.6","101.567","14,192.53",0.026,0.037,-0.011
"KS","RX",2014,856.24,"182.718","85.257","10,043.06",0,0,0
"KS","RX",2015,928.55,"174.638","91.748","10,120.57",0.084,0.076,0.008
"KS","RX",2016,1010.49,"176.146","96.741","10,445.33",0.088,0.054,0.032
"KS","RX",2017,1061.21,"177.059","99.134","10,704.86",0.05,0.025,0.025
"KY","IP",2014,1000.58,"54.113","15,639.67","63.977",0,0,0
"KY","IP",2015,930.77,"59.493","15,231.75","61.107",-0.07,-0.026,-0.045
"KY","IP",2016,971.75,"58.87","15,910.41","61.076",0.044,0.045,-0.001
"KY","IP",2017,989.3,"64.399","16,016.00","61.769",0.018,0.007,0.011
"KY","OP",2014,1618.75,"285.961","539.719","2,999.25",0,0,0
"KY","OP",2015,1617.31,"309.04","517.284","3,126.54",-0.001,-0.04,0.041
"KY","OP",2016,1654.36,"326.228","520.118","3,180.73",0.023,0.005,0.018
"KY","OP",2017,1785.25,"353.571","550.965","3,240.23",0.079,0.06,0.018
"KY","PH",2014,1477.42,"357.67","81.001","18,239.50",0,0,0
"KY","PH",2015,1451.54,"363.054","85.44","16,989.04",-0.018,0.055,-0.069
"KY","PH",2016,1488.29,"377.75","87.058","17,095.33",0.025,0.019,0.006
"KY","PH",2017,1604.92,"403.374","91.298","17,578.92",0.078,0.049,0.028
"KY","RX",2014,923.3,"206.015","80.357","11,490.03",0,0,0
"KY","RX",2015,1010.72,"202.935","85.865","11,771.04",0.095,0.069,0.024
"KY","RX",2016,1094.09,"203.794","90.676","12,065.81",0.082,0.056,0.025
"KY","RX",2017,1174.43,"204.443","93.825","12,517.35",0.073,0.035,0.037
"LA","IP",2014,918.87,"64.46","14,566.20","63.082",0,0,0
"LA","IP",2015,892.13,"64.577","14,520.84","61.438",-0.029,-0.003,-0.026
"LA","IP",2016,927.38,"67.002","14,928.22","62.123",0.04,0.028,0.011
"LA","IP",2017,938.17,"67.072","15,572.93","60.244",0.012,0.043,-0.03
"LA","OP",2014,1471.83,"269.688","364.102","4,042.36",0,0,0
"LA","OP",2015,1503.34,"276.252","369.275","4,071.07",0.021,0.012,0.01
"LA","OP",2016,1533.88,"292.347","373.35","4,108.43",0.02,0.008,0.013
"LA","OP",2017,1569.49,"310.223","397.989","3,943.55",0.023,0.066,-0.04
"LA","PH",2014,1648.74,"370.779","99.17","16,625.36",0,0,0
"LA","PH",2015,1711.74,"381.313","102.786","16,653.43",0.038,0.036,0.002
"LA","PH",2016,1751.78,"398.681","104.494","16,764.40",0.023,0.017,0.007
"LA","PH",2017,1797.49,"411.513","106.297","16,910.06",0.026,0.017,0.009
"LA","RX",2014,1083.32,"243.939","87.335","12,404.21",0,0,0
"LA","RX",2015,1196.1,"230.421","96.178","12,436.31",0.104,0.101,0.003
"LA","RX",2016,1209.64,"227.452","97.006","12,469.78",0.011,0.009,0.003
"LA","RX",2017,1269.82,"228.694","97.101","13,077.22",0.05,0.001,0.049
"MA","IP",2014,796.78,"37.46","15,757.19","50.566",0,0,0
"MA","IP",2015,804.17,"39.068","15,897.35","50.585",0.009,0.009,0
"MA","IP",2016,819.11,"38.832","16,210.80","50.529",0.019,0.02,-0.001
"MA","IP",2017,892.21,"39.564","16,883.45","52.845",0.089,0.041,0.046
"MA","OP",2014,1410.35,"230.241","270.211","5,219.44",0,0,0
"MA","OP",2015,1388.57,"235.703","271.137","5,121.28",-0.015,0.006,-0.021
"MA","OP",2016,1468.16,"251.612","272.858","5,380.66",0.057,0.006,0.051
"MA","OP",2017,1514.61,"261.185","286.286","5,290.53",0.032,0.049,-0.017
"MA","PH",2014,1678.59,"345.277","118.113","14,211.70",0,0,0
"MA","PH",2015,1746.45,"375.192","121.196","14,410.09",0.04,0.026,0.014
"MA","PH",2016,1862.67,"410.407","125.017","14,899.31",0.067,0.032,0.034
"MA","PH",2017,1983.84,"434.706","131.003","15,143.54",0.065,0.048,0.016
"MA","RX",2014,810.37,"128.956","94.634","8,563.21",0,0,0
"MA","RX",2015,870.77,"129.65","101.663","8,565.27",0.075,0.074,0
"MA","RX",2016,966.55,"130.874","111.458","8,671.93",0.11,0.096,0.012
"MA","RX",2017,1034.91,"131.784","116.223","8,904.56",0.071,0.043,0.027
"MD","IP",2014,791.06,"36.721","13,722.47","57.647",0,0,0
"MD","IP",2015,789.77,"35.296","14,350.02","55.036",-0.002,0.046,-0.045
"MD","IP",2016,806.4,"35.701","14,552.85","55.412",0.021,0.014,0.007
"MD","IP",2017,843.07,"35.253","15,342.47","54.95",0.045,0.054,-0.008
"MD","OP",2014,1003.93,"137.976","529.112","1,897.39",0,0,0
"MD","OP",2015,969.21,"141.514","531.439","1,823.75",-0.035,0.004,-0.039
"MD","OP",2016,989.52,"145.398","539.689","1,833.50",0.021,0.015,0.006
"MD","OP",2017,1016.85,"145.687","564.913","1,800.02",0.028,0.047,-0.019
"MD","PH",2014,1605.67,"307.318","88.469","18,149.38",0,0,0
"MD","PH",2015,1656.67,"331.861","90.574","18,290.71",0.032,0.024,0.008
"MD","PH",2016,1743.3,"355.246","93.679","18,609.34",0.052,0.034,0.017
"MD","PH",2017,1874.58,"372.931","98.971","18,940.75",0.075,0.056,0.018
"MD","RX",2014,998.38,"177.277","99.39","10,045.14",0,0,0
"MD","RX",2015,1092.27,"170.373","108.676","10,050.71",0.094,0.093,0.001
"MD","RX",2016,1132.72,"173.85","113.115","10,013.94",0.037,0.041,-0.004
"MD","RX",2017,1190.31,"165.273","116.557","10,212.23",0.051,0.03,0.02
"ME","IP",2014,1062.14,"50.575","21,591.69","49.192",0,0,0
"ME","IP",2015,1081.19,"49.41","23,406.29","46.192",0.018,0.084,-0.061
"ME","IP",2016,1271.01,"51.593","24,839.81","51.168",0.176,0.061,0.108
"ME","IP",2017,1222.49,"50.358","25,207.54","48.497",-0.038,0.015,-0.052
"ME","OP",2014,1844.37,"345.5","395.853","4,659.23",0,0,0
"ME","OP",2015,1943.68,"350.12","416.868","4,662.58",0.054,0.052,0.001
"ME","OP",2016,2031.38,"373.708","429.317","4,731.65",0.045,0.028,0.017
"ME","OP",2017,2024.73,"413.84","447.701","4,522.51",-0.003,0.046,-0.047
"ME","PH",2014,1512.6,"329.321","110.145","13,732.73",0,0,0
"ME","PH",2015,1565.12,"337.727","112.523","13,909.24",0.035,0.022,0.013
"ME","PH",2016,1604.18,"357.732","113.8","14,096.50",0.025,0.011,0.013
"ME","PH",2017,1621.71,"394.148","119.324","13,590.80",0.011,0.049,-0.036
"ME","RX",2014,920.67,"144.542","85.286","10,795.11",0,0,0
"ME","RX",2015,995.18,"138.563","92.329","10,778.68",0.081,0.083,-0.002
"ME","RX",2016,1115.93,"139.15","100.543","11,099.04",0.121,0.089,0.03
"ME","RX",2017,1074.51,"137.803","101.138","10,624.22",-0.037,0.006,-0.043
"MI","IP",2014,859.98,"50.272","15,956.23","53.896",0,0,0
"MI","IP",2015,877.13,"50.244","16,488.77","53.195",0.02,0.033,-0.013
"MI","IP",2016,862.73,"53.507","16,342.04","52.792",-0.016,-0.009,-0.008
"MI","IP",2017,890.65,"55.851","16,849.72","52.858",0.032,0.031,0.001
"MI","OP",2014,1419.87,"246.165","388.152","3,658.03",0,0,0
"MI","OP",2015,1436.69,"256.571","397.718","3,612.33",0.012,0.024,-0.011
"MI","OP",2016,1511.32,"284.909","409.033","3,694.87",0.052,0.028,0.024
"MI","OP",2017,1600.15,"307.556","431.234","3,710.63",0.059,0.055,0.004
"MI","PH",2014,1336.65,"320.52","94.416","14,157.06",0,0,0
"MI","PH",2015,1397.87,"338.024","98.209","14,233.57",0.046,0.04,0.005
"MI","PH",2016,1447.81,"362.877","99.423","14,562.17",0.036,0.012,0.023
"MI","PH",2017,1511.99,"372.134","102.579","14,739.85",0.044,0.032,0.012
"MI","RX",2014,763.58,"139.671","85.237","8,958.30",0,0,0
"MI","RX",2015,819.56,"139.228","91.959","8,912.18",0.073,0.079,-0.005
"MI","RX",2016,898.41,"144.649","98.267","9,142.48",0.096,0.069,0.026
"MI","RX",2017,955.64,"143.356","100.448","9,513.77",0.064,0.022,0.041
"MN","IP",2014,1097.25,"53.024","17,751.76","61.811",0,0,0
"MN","IP",2015,1050.3,"52.768","18,447.62","56.934",-0.043,0.039,-0.079
"MN","IP",2016,1098.33,"51.145","19,566.82","56.132",0.046,0.061,-0.014
"MN","IP",2017,1215.68,"54.338","20,514.41","59.26",0.107,0.048,0.056
"MN","OP",2014,1263.05,"197.843","493.767","2,558.00",0,0,0
"MN","OP",2015,1323.48,"205.032","515.914","2,565.31",0.048,0.046,0.002
"MN","OP",2016,1386.09,"216.709","523.171","2,649.40",0.047,0.013,0.034
"MN","OP",2017,1441.43,"236.83","538.831","2,675.11",0.04,0.029,0.01
"MN","PH",2014,2065.42,"427.385","133.499","15,471.40",0,0,0
"MN","PH",2015,2118.19,"444.276","136.695","15,495.76",0.026,0.024,0.002
"MN","PH",2016,2231.67,"466.91","141.317","15,791.96",0.054,0.034,0.019
"MN","PH",2017,2375.2,"513.403","146.244","16,241.33",0.064,0.035,0.028
"MN","RX",2014,760.75,"125.389","85.81","8,865.47",0,0,0
"MN","RX",2015,674.83,"101.624","89.149","7,569.68",-0.113,0.039,-0.146
"MN","RX",2016,716.46,"100.623","96.417","7,430.82",0.062,0.082,-0.018
"MN","RX",2017,960.87,"113.231","104","9,239.11",0.341,0.079,0.243
"MO","IP",2014,925.05,"56.328","14,804.05","62.487",0,0,0
"MO","IP",2015,911.37,"58.033","15,301.59","59.56",-0.015,0.034,-0.047
"MO","IP",2016,994.01,"57.104","16,189.39","61.399",0.091,0.058,0.031
"MO","IP",2017,975.34,"56.921","16,291.53","59.868",-0.019,0.006,-0.025
"MO","OP",2014,1330.57,"256.386","373.008","3,567.14",0,0,0
"MO","OP",2015,1386.7,"279.968","392.92","3,529.21",0.042,0.052,-0.01
"MO","OP",2016,1489.14,"298.578","412.922","3,606.33",0.074,0.049,0.024
"MO","OP",2017,1597.9,"318.595","446.887","3,575.63",0.073,0.082,-0.008
"MO","PH",2014,1361.45,"323.832","96.214","14,150.20",0,0,0
"MO","PH",2015,1414.48,"346.926","99.506","14,214.99",0.039,0.034,0.005
"MO","PH",2016,1458.79,"352.647","100.885","14,460.01",0.031,0.014,0.017
"MO","PH",2017,1507.41,"363.396","104.176","14,469.86",0.033,0.033,0.001
"MO","RX",2014,886.81,"179.092","86.269","10,279.59",0,0,0
"MO","RX",2015,944.94,"170.345","92.726","10,190.75",0.066,0.075,-0.009
"MO","RX",2016,1014.96,"169.501","99.162","10,235.45",0.074,0.069,0.004
"MO","RX",2017,1105.82,"167.813","104.162","10,616.41",0.09,0.05,0.037
"MS","IP",2014,897.86,"70.342","14,230.35","63.095",0,0,0
"MS","IP",2015,814.69,"65.844","13,755.55","59.226",-0.093,-0.033,-0.061
"MS","IP",2016,890.86,"64.061","14,584.59","61.082",0.093,0.06,0.031
"MS","IP",2017,934.55,"68.569","15,377.98","60.772",0.049,0.054,-0.005
"MS","OP",2014,1419.45,"276.304","462.946","3,066.12",0,0,0
"MS","OP",2015,1460.66,"284.264","476.881","3,062.95",0.029,0.028,0.001
"MS","OP",2016,1563.45,"310.102","490.676","3,186.32",0.07,0.027,0.043
"MS","OP",2017,1669.41,"338.536","543.03","3,074.24",0.068,0.107,-0.036
"MS","PH",2014,1552.55,"388.576","95.017","16,339.63",0,0,0
"MS","PH",2015,1596.86,"395.515","95.694","16,687.11",0.029,0.007,0.021
"MS","PH",2016,1633.63,"400.65","97.698","16,721.19",0.023,0.021,0.002
"MS","PH",2017,1669.02,"417.902","99.622","16,753.47",0.022,0.02,0.002
"MS","RX",2014,1026.26,"217.23","88.096","11,649.38",0,0,0
"MS","RX",2015,1025.8,"200.66","89.591","11,449.79",0,0.017,-0.017
"MS","RX",2016,1113.62,"198.638","96.068","11,591.99",0.086,0.072,0.012
"MS","RX",2017,1122.67,"192.405","95.02","11,815.07",0.008,-0.011,0.019
"MT","IP",2014,960.79,"53.776","18,144.72","52.952",0,0,0
"MT","IP",2015,1163.29,"55.105","22,452.29","51.812",0.211,0.237,-0.022
"MT","IP",2016,976.48,"45.343","21,430.41","45.565",-0.161,-0.046,-0.121
"MT","IP",2017,1006.07,"53.909","21,337.54","47.15",0.03,-0.004,0.035
"MT","OP",2014,1581.66,"256.721","487.527","3,244.24",0,0,0
"MT","OP",2015,1643.79,"274.078","511.673","3,212.59",0.039,0.043,-0.002
"MT","OP",2016,1636.18,"277.42","516.466","3,168.02",-0.005,0.007,-0.012
"MT","OP",2017,1752.27,"297.001","526.767","3,326.46",0.071,0.021,0.051
"MT","PH",2014,1633.7,"370.839","140.096","11,661.26",0,0,0
"MT","PH",2015,1700.92,"389.816","144.285","11,788.57",0.041,0.03,0.011
"MT","PH",2016,1699.9,"393.867","143.823","11,819.42",-0.001,-0.003,0.003
"MT","PH",2017,1760.01,"401.03","146.989","11,973.76",0.035,0.022,0.013
"MT","RX",2014,739.63,"131.582","86.005","8,599.84",0,0,0
"MT","RX",2015,745.57,"129.788","85.605","8,709.38",0.008,-0.005,0.013
"MT","RX",2016,831.17,"129.525","96.367","8,625.07",0.115,0.126,-0.01
"MT","RX",2017,836.56,"127.33","93.842","8,914.55",0.006,-0.026,0.034
"NC","IP",2014,872.18,"53.572","17,247.54","50.568",0,0,0
"NC","IP",2015,898.15,"52.601","17,587.69","51.067",0.03,0.02,0.01
"NC","IP",2016,941.96,"56.783","17,725.77","53.141",0.049,0.008,0.041
"NC","IP",2017,919.61,"59.43","17,735.43","51.852",-0.024,0.001,-0.024
"NC","OP",2014,1469.29,"241.928","662.036","2,219.35",0,0,0
"NC","OP",2015,1536.62,"253.262","683.545","2,248.01",0.046,0.032,0.013
"NC","OP",2016,1610.03,"279.017","712.272","2,260.41",0.048,0.042,0.006
"NC","OP",2017,1665.39,"296.635","732.475","2,273.65",0.034,0.029,0.006
"NC","PH",2014,1674.88,"382.969","101.252","16,541.68",0,0,0
"NC","PH",2015,1742.56,"400.85","103.567","16,825.45",0.04,0.023,0.017
"NC","PH",2016,1788.05,"417.273","106.025","16,864.40",0.026,0.024,0.002
"NC","PH",2017,1804.65,"423.914","108.635","16,611.93",0.009,0.025,-0.015
"NC","RX",2014,923.57,"185.755","90.316","10,225.99",0,0,0
"NC","RX",2015,1023.62,"179.795","99.566","10,280.78",0.108,0.102,0.005
"NC","RX",2016,1067.9,"178.553","105.473","10,124.85",0.043,0.059,-0.015
"NC","RX",2017,1143.33,"177.034","107.842","10,601.97",0.071,0.022,0.047
"ND","IP",2014,994.27,"56.739","17,069.86","58.247",0,0,0
"ND","IP",2015,925.61,"61.398","16,923.52","54.693",-0.069,-0.009,-0.061
"ND","IP",2016,1331.68,"55.434","19,574.14","68.033",0.439,0.157,0.244
"ND","IP",2017,1098.35,"58.466","17,596.86","62.418",-0.175,-0.101,-0.083
"ND","OP",2014,1443.27,"259.358","503.014","2,869.25",0,0,0
"ND","OP",2015,1557.74,"267.887","550.716","2,828.57",0.079,0.107,-0.022
"ND","OP",2016,1710.24,"287.376","556.915","3,070.92",0.098,0.004,0.095
"ND","OP",2017,1869.22,"329.258","588.416","3,176.70",0.093,0.059,0.033
"ND","PH",2014,1628.75,"390.671","126.936","12,831.24",0,0,0
"ND","PH",2015,1691.67,"401.718","130.036","13,009.17",0.039,0.024,0.014
"ND","PH",2016,1995.56,"438.488","137.602","14,502.40",0.18,0.058,0.115
"ND","PH",2017,2205.31,"479.935","148.772","14,823.44",0.105,0.081,0.022
"ND","RX",2014,617.37,"138.977","69.581","8,872.70",0,0,0
"ND","RX",2015,679.21,"117.615","83.864","8,099.00",0.1,0.205,-0.087
"ND","RX",2016,804.08,"120.482","95.668","8,404.87",0.184,0.141,0.038
"ND","RX",2017,965,"135.514","98.101","9,836.73",0.2,0.025,0.17
"NE","IP",2014,1002.05,"56.169","16,632.56","60.246",0,0,0
"NE","IP",2015,1048.31,"57.458","17,118.82","61.237",0.046,0.029,0.016
"NE","IP",2016,1077.6,"60.346","17,684.76","60.934",0.028,0.033,-0.005
"NE","IP",2017,1115.52,"59.7","19,145.34","58.266",0.035,0.083,-0.044
"NE","OP",2014,1517.15,"269.03","494.49","3,068.10",0,0,0
"NE","OP",2015,1561.25,"283.82","506.513","3,082.35",0.029,0.025,0.005
"NE","OP",2016,1633.08,"307.848","522.139","3,127.68",0.046,0.032,0.014
"NE","OP",2017,1744.54,"331.329","552.833","3,155.63",0.068,0.057,0.011
"NE","PH",2014,1654.21,"395.679","110.469","14,974.45",0,0,0
"NE","PH",2015,1680.53,"409.268","110.299","15,236.09",0.016,-0.002,0.017
"NE","PH",2016,1716.88,"429.833","110.146","15,587.34",0.022,-0.001,0.023
"NE","PH",2017,1797.34,"451.498","115.503","15,560.96",0.047,0.049,-0.002
"NE","RX",2014,937.83,"171.251","87.655","10,699.16",0,0,0
"NE","RX",2015,1008.28,"167.098","95.69","10,536.91",0.075,0.092,-0.015
"NE","RX",2016,1094.89,"168.715","102.152","10,718.24",0.086,0.068,0.017
"NE","RX",2017,1089.74,"169.671","100.372","10,856.97",-0.005,-0.017,0.013
"NH","IP",2014,996.71,"40.873","20,150.24","49.464",0,0,0
"NH","IP",2015,1024.76,"43.631","20,363.45","50.323",0.028,0.011,0.017
"NH","IP",2016,1159.31,"45.75","21,876.71","52.993",0.131,0.074,0.053
"NH","IP",2017,1166.98,"47.835","22,644.82","51.534",0.007,0.035,-0.028
"NH","OP",2014,2045.5,"307.348","390.604","5,236.76",0,0,0
"NH","OP",2015,2034.55,"318.83","385.381","5,279.30",-0.005,-0.013,0.008
"NH","OP",2016,2161.01,"339.521","392.904","5,500.10",0.062,0.02,0.042
"NH","OP",2017,2283.96,"357.79","409.674","5,575.07",0.057,0.045,0.011
"NH","PH",2014,1817.23,"356.641","137.512","13,215.00",0,0,0
"NH","PH",2015,1870.9,"383.268","140.724","13,294.74",0.03,0.023,0.006
"NH","PH",2016,2018.87,"422.684","146.882","13,744.82",0.079,0.044,0.034
"NH","PH",2017,2112.56,"451.597","151.316","13,961.25",0.046,0.03,0.016
"NH","RX",2014,925.89,"145.425","94.486","9,799.22",0,0,0
"NH","RX",2015,977.52,"140.884","100.312","9,744.78",0.056,0.062,-0.006
"NH","RX",2016,1088.02,"146.651","110.826","9,817.29",0.113,0.105,0.007
"NH","RX",2017,1154.84,"150.416","113.689","10,157.92",0.061,0.026,0.035
"NJ","IP",2014,1047.94,"41.983","17,873.95","58.629",0,0,0
"NJ","IP",2015,1061.52,"42.461","18,537.88","57.262",0.013,0.037,-0.023
"NJ","IP",2016,1128.44,"42.879","19,688.35","57.315",0.063,0.062,0.001
"NJ","IP",2017,1129.2,"42.712","20,503.62","55.073",0.001,0.041,-0.039
"NJ","OP",2014,1318.24,"160.65","532.389","2,476.07",0,0,0
"NJ","OP",2015,1351.3,"173.234","542.559","2,490.61",0.025,0.019,0.006
"NJ","OP",2016,1432.64,"177.901","560.273","2,557.03",0.06,0.032,0.027
"NJ","OP",2017,1487.3,"180.844","583.895","2,547.21",0.038,0.042,-0.004
"NJ","PH",2014,2201.6,"421.272","102.89","21,397.54",0,0,0
"NJ","PH",2015,2277.77,"447.506","105.829","21,523.15",0.035,0.029,0.006
"NJ","PH",2016,2391.74,"463.805","107.804","22,185.96",0.05,0.019,0.031
"NJ","PH",2017,2498.67,"482.119","111.616","22,386.30",0.045,0.035,0.009
"NJ","RX",2014,1110.41,"176.651","123.609","8,983.22",0,0,0
"NJ","RX",2015,1189.46,"166.472","135.743","8,762.57",0.071,0.098,-0.025
"NJ","RX",2016,1260.52,"165.297","140.183","8,991.98",0.06,0.033,0.026
"NJ","RX",2017,1287.74,"160.737","142.549","9,033.68",0.022,0.017,0.005
"NM","IP",2014,921.7,"58.228","16,896.34","54.55",0,0,0
"NM","IP",2015,913.53,"53.463","17,221.51","53.046",-0.009,0.019,-0.028
"NM","IP",2016,1149.05,"57.242","20,432.48","56.237",0.258,0.186,0.06
"NM","IP",2017,1017.52,"56.701","18,813.06","54.086",-0.114,-0.079,-0.038
"NM","OP",2014,1584.32,"237.335","496.569","3,190.53",0,0,0
"NM","OP",2015,1611.61,"247.028","516.619","3,119.53",0.017,0.04,-0.022
"NM","OP",2016,1757.28,"275.174","535.003","3,284.61",0.09,0.034,0.055
"NM","OP",2017,1829.07,"302.359","558.385","3,275.64",0.041,0.047,-0.002
"NM","PH",2014,1570.74,"361.869","109.136","14,392.41",0,0,0
"NM","PH",2015,1577.72,"374.575","111.122","14,198.09",0.004,0.018,-0.014
"NM","PH",2016,1654.74,"389.545","115.436","14,334.79",0.049,0.039,0.01
"NM","PH",2017,1673.24,"402.394","118.923","14,069.93",0.011,0.03,-0.018
"NM","RX",2014,698.54,"138.368","81.923","8,526.87",0,0,0
"NM","RX",2015,790.64,"127.043","94.471","8,369.09",0.132,0.153,-0.019
"NM","RX",2016,868.59,"126.93","102.477","8,475.99",0.099,0.085,0.013
"NM","RX",2017,895.99,"122.194","101.005","8,870.77",0.032,-0.014,0.047
"NV","IP",2014,1071.59,"61.525","18,344.27","58.415",0,0,0
"NV","IP",2015,1053.49,"60.099","19,213.98","54.829",-0.017,0.047,-0.061
"NV","IP",2016,1092.81,"58.591","19,342.57","56.498",0.037,0.007,0.03
"NV","IP",2017,1128.86,"64.413","19,789.69","57.043",0.033,0.023,0.01
"NV","OP",2014,1164.76,"203.659","757.181","1,538.28",0,0,0
"NV","OP",2015,1198.37,"221.193","796.657","1,504.25",0.029,0.052,-0.022
"NV","OP",2016,1248.48,"230.903","827.302","1,509.10",0.042,0.039,0.003
"NV","OP",2017,1367.92,"249.995","891.656","1,534.13",0.096,0.078,0.016
"NV","PH",2014,1486.28,"355.563","96.278","15,437.44",0,0,0
"NV","PH",2015,1505.81,"367.779","99.858","15,079.50",0.013,0.037,-0.023
"NV","PH",2016,1557.55,"374.023","103.184","15,094.94",0.034,0.033,0.001
"NV","PH",2017,1604.3,"386.225","107.013","14,991.56",0.03,0.037,-0.007
"NV","RX",2014,815.56,"144.536","95.155","8,570.87",0,0,0
"NV","RX",2015,876.12,"142.756","107.003","8,187.82",0.074,0.125,-0.045
"NV","RX",2016,915.99,"139.655","112.698","8,127.81",0.045,0.053,-0.007
"NV","RX",2017,952.71,"135.798","114.704","8,305.84",0.04,0.018,0.022
"NY","IP",2014,1011.05,"39.464","18,488.92","54.684",0,0,0
"NY","IP",2015,1043.94,"42.25","19,828.33","52.649",0.033,0.072,-0.037
"NY","IP",2016,1127.29,"43.76","21,128.82","53.353",0.08,0.066,0.013
"NY","IP",2017,1232.97,"43.339","22,659.57","54.413",0.094,0.072,0.02
"NY","OP",2014,1088.65,"145.962","342.15","3,181.78",0,0,0
"NY","OP",2015,1158.33,"162.799","360.13","3,216.42",0.064,0.052,0.012
"NY","OP",2016,1262.98,"177.062","377.616","3,344.63",0.09,0.047,0.041
"NY","OP",2017,1356.49,"177.604","404.804","3,350.98",0.074,0.071,0.003
"NY","PH",2014,2108,"422.586","102.205","20,625.32",0,0,0
"NY","PH",2015,2221.67,"459.733","105.46","21,066.48",0.054,0.032,0.021
"NY","PH",2016,2346.02,"483.741","108.286","21,665.07",0.056,0.027,0.028
"NY","PH",2017,2451.29,"485.155","111.548","21,975.11",0.045,0.03,0.014
"NY","RX",2014,1035.77,"146.854","121.488","8,525.68",0,0,0
"NY","RX",2015,1156.54,"147.369","134.407","8,604.79",0.117,0.106,0.009
"NY","RX",2016,1229.53,"148.331","140.012","8,781.60",0.063,0.042,0.021
"NY","RX",2017,1302.34,"148.207","146.308","8,901.36",0.059,0.045,0.014
"OH","IP",2014,1036.8,"51.822","17,156.57","60.431",0,0,0
"OH","IP",2015,1116.33,"53.478","18,650.92","59.854",0.077,0.087,-0.01
"OH","IP",2016,1153.58,"53.684","19,111.62","60.36",0.033,0.025,0.008
"OH","IP",2017,1183.76,"54.698","19,697.08","60.098",0.026,0.031,-0.004
"OH","OP",2014,1723.15,"301.569","403.637","4,269.07",0,0,0
"OH","OP",2015,1774.55,"322.756","415.414","4,271.76",0.03,0.03,0.001
"OH","OP",2016,1890.68,"354.147","430.571","4,391.10",0.065,0.036,0.028
"OH","OP",2017,2001.59,"381.657","458.009","4,370.20",0.059,0.064,-0.005
"OH","PH",2014,1427.31,"312.467","97.11","14,697.78",0,0,0
"OH","PH",2015,1476.28,"332.666","100.224","14,729.81",0.034,0.032,0.002
"OH","PH",2016,1569.55,"348.398","104.574","15,008.92",0.063,0.043,0.019
"OH","PH",2017,1646.24,"366.754","108.991","15,104.39",0.049,0.042,0.006
"OH","RX",2014,918.8,"175.091","87.037","10,556.48",0,0,0
"OH","RX",2015,990.92,"174.416","93.982","10,543.66",0.078,0.08,-0.001
"OH","RX",2016,1069.03,"177.92","100.022","10,687.96",0.079,0.064,0.014
"OH","RX",2017,1129.78,"178.026","103.068","10,961.48",0.057,0.03,0.026
"OK","IP",2014,917.61,"64.563","15,213.75","60.314",0,0,0
"OK","IP",2015,911.57,"64.883","15,503.68","58.797",-0.007,0.019,-0.025
"OK","IP",2016,1053.79,"66.788","16,899.26","62.357",0.156,0.09,0.061
"OK","IP",2017,1081.95,"71.393","17,251.63","62.716",0.027,0.021,0.006
"OK","OP",2014,1436.13,"291.138","536.139","2,678.65",0,0,0
"OK","OP",2015,1524.23,"311.576","555.577","2,743.50",0.061,0.035,0.025
"OK","OP",2016,1645.06,"345.217","590.428","2,786.21",0.079,0.061,0.018
"OK","OP",2017,1700.5,"364.826","633.951","2,682.39",0.034,0.073,-0.037
"OK","PH",2014,1401.76,"367.772","87.417","16,035.29",0,0,0
"OK","PH",2015,1445.59,"377.842","89.298","16,188.31",0.031,0.022,0.01
"OK","PH",2016,1480.68,"384.285","92.045","16,086.59",0.024,0.031,-0.006
"OK","PH",2017,1516.2,"397.484","93.542","16,208.70",0.024,0.016,0.008
"OK","RX",2014,928.42,"196.557","87.753","10,579.91",0,0,0
"OK","RX",2015,991.37,"185.257","94.215","10,522.43",0.068,0.074,-0.005
"OK","RX",2016,1066.25,"181.012","101.082","10,548.29",0.076,0.073,0.002
"OK","RX",2017,1112.93,"182.11","99.982","11,131.38",0.044,-0.011,0.055
"OR","IP",2014,989,"52.684","20,990.24","47.117",0,0,0
"OR","IP",2015,937.62,"50.534","21,242.81","44.138",-0.052,0.012,-0.063
"OR","IP",2016,970.86,"51.211","22,253.54","43.627",0.035,0.048,-0.012
"OR","IP",2017,997.53,"50.741","23,106.75","43.171",0.027,0.038,-0.01
"OR","OP",2014,1243.48,"212.26","413.851","3,004.66",0,0,0
"OR","OP",2015,1294.43,"219.2","425.48","3,042.27",0.041,0.028,0.012
"OR","OP",2016,1333.92,"232.891","425.413","3,135.59",0.031,0,0.031
"OR","OP",2017,1437.45,"245.274","457.96","3,138.80",0.078,0.076,0.002
"OR","PH",2014,1637.53,"354.294","127.108","12,883.01",0,0,0
"OR","PH",2015,1695.86,"372.026","129.768","13,068.38",0.036,0.021,0.014
"OR","PH",2016,1766.61,"397.804","133.177","13,265.17",0.042,0.026,0.015
"OR","PH",2017,1827.42,"413.223","135.109","13,525.60",0.034,0.015,0.02
"OR","RX",2014,678.35,"118.054","84.57","8,021.16",0,0,0
"OR","RX",2015,772.78,"118.699","94.871","8,145.59",0.139,0.122,0.016
"OR","RX",2016,818.99,"117.521","101.94","8,033.97",0.06,0.075,-0.014
"OR","RX",2017,855.38,"114.913","105.626","8,098.16",0.044,0.036,0.008
"PA","IP",2014,1031.98,"46.492","17,700.94","58.301",0,0,0
"PA","IP",2015,1004.8,"46.311","17,475.88","57.496",-0.026,-0.013,-0.014
"PA","IP",2016,1055.43,"47.076","17,924.55","58.882",0.05,0.026,0.024
"PA","IP",2017,1075.44,"41.207","18,704.79","57.495",0.019,0.044,-0.024
"PA","OP",2014,1513.49,"239.578","384.556","3,935.69",0,0,0
"PA","OP",2015,1579.28,"249.554","388.423","4,065.89",0.043,0.01,0.033
"PA","OP",2016,1681.53,"270.739","398.003","4,224.92",0.065,0.024,0.04
"PA","OP",2017,1791.46,"258.598","427.623","4,189.34",0.065,0.077,-0.011
"PA","PH",2014,1393.93,"295.084","100.883","13,817.25",0,0,0
"PA","PH",2015,1447.57,"305.28","102.248","14,157.47",0.038,0.014,0.025
"PA","PH",2016,1553.99,"322.53","106.998","14,523.64",0.074,0.046,0.026
"PA","PH",2017,1621.29,"318.334","109.938","14,747.24",0.043,0.027,0.015
"PA","RX",2014,932.14,"160.335","96.782","9,631.31",0,0,0
"PA","RX",2015,1062.45,"157.585","107.421","9,890.55",0.14,0.11,0.027
"PA","RX",2016,1142.38,"160.234","113.004","10,109.21",0.075,0.052,0.022
"PA","RX",2017,1196.35,"157.997","115.509","10,357.22",0.047,0.022,0.025
"RI","IP",2014,1003.16,"31.361","16,639.73","60.287",0,0,0
"RI","IP",2015,969.76,"33.514","16,701.03","58.066",-0.033,0.004,-0.037
"RI","IP",2016,1111.95,"34.383","17,787.84","62.512",0.147,0.065,0.077
"RI","IP",2017,1099.58,"35.802","17,751.13","61.944",-0.011,-0.002,-0.009
"RI","OP",2014,1385.66,"166.919","236.401","5,861.47",0,0,0
"RI","OP",2015,1395.79,"166.011","238.202","5,859.70",0.007,0.007,0
"RI","OP",2016,1445.4,"177.016","236.54","6,110.62",0.036,-0.008,0.044
"RI","OP",2017,1459.55,"189.915","246.541","5,920.12",0.01,0.041,-0.028
"RI","PH",2014,1702.56,"282.386","94.534","18,009.93",0,0,0
"RI","PH",2015,1723,"289.89","96.338","17,884.93",0.012,0.019,-0.007
"RI","PH",2016,1845.54,"318.463","97.896","18,852.03",0.071,0.016,0.054
"RI","PH",2017,1920.15,"333.099","103.117","18,621.03",0.04,0.053,-0.012
"RI","RX",2014,865.34,"166.634","86.257","10,032.06",0,0,0
"RI","RX",2015,905.28,"167.652","92.348","9,802.93",0.046,0.071,-0.023
"RI","RX",2016,981.78,"164.314","99.291","9,887.91",0.085,0.075,0.009
"RI","RX",2017,1031.83,"160.589","101.122","10,203.86",0.051,0.018,0.032
"SC","IP",2014,1225.01,"58.991","21,948.25","55.814",0,0,0
"SC","IP",2015,1179.21,"59.011","22,102.81","53.351",-0.037,0.007,-0.044
"SC","IP",2016,1235.22,"60.153","22,488.85","54.926",0.047,0.017,0.03
"SC","IP",2017,1307.82,"64.545","23,482.07","55.694",0.059,0.044,0.014
"SC","OP",2014,1817.19,"296.646","683.482","2,658.72",0,0,0
"SC","OP",2015,1908.09,"314.628","721.03","2,646.33",0.05,0.055,-0.004
"SC","OP",2016,1994.58,"344.848","751.936","2,652.60",0.045,0.043,0.002
"SC","OP",2017,2049.69,"368.852","782.881","2,618.14",0.028,0.041,-0.013
"SC","PH",2014,1646.31,"394.631","100.255","16,421.29",0,0,0
"SC","PH",2015,1684.65,"411.638","102.556","16,426.61",0.023,0.023,0
"SC","PH",2016,1722.42,"435.81","105.389","16,343.47",0.022,0.028,-0.005
"SC","PH",2017,1752.48,"449.636","106.914","16,391.40",0.017,0.014,0.003
"SC","RX",2014,913.24,"185.53","87.205","10,472.29",0,0,0
"SC","RX",2015,994.93,"180.402","94.435","10,535.59",0.089,0.083,0.006
"SC","RX",2016,1049.24,"181.07","99.474","10,547.92",0.055,0.053,0.001
"SC","RX",2017,1120.76,"178.39","103.187","10,861.40",0.068,0.037,0.03
"SD","IP",2014,1203.93,"73.11","19,082.77","63.09",0,0,0
"SD","IP",2015,1494.08,"68.596","22,417.01","66.649",0.241,0.175,0.056
"SD","IP",2016,1497.76,"58.191","24,361.81","61.48",0.002,0.087,-0.078
"SD","IP",2017,1403.52,"58.906","25,015.55","56.106",-0.063,0.027,-0.087
"SD","OP",2014,1906.07,"295.616","811.395","2,349.12",0,0,0
"SD","OP",2015,2080.6,"310.255","857.362","2,426.74",0.092,0.056,0.034
"SD","OP",2016,2115.8,"287.765","897.348","2,357.84",0.017,0.048,-0.028
"SD","OP",2017,2212.5,"322.893","973.801","2,272.03",0.046,0.086,-0.037
"SD","PH",2014,1843.48,"444.256","130.303","14,147.65",0,0,0
"SD","PH",2015,1967.97,"460.739","131.514","14,963.95",0.068,0.009,0.058
"SD","PH",2016,1999.29,"459.49","130.193","15,356.40",0.016,-0.01,0.026
"SD","PH",2017,2148.28,"501.966","140.402","15,300.92",0.075,0.078,-0.004
"SD","RX",2014,676.16,"145.323","74.786","9,041.25",0,0,0
"SD","RX",2015,659.53,"129.85","79.968","8,247.46",-0.025,0.069,-0.088
"SD","RX",2016,673.63,"120.454","88.164","7,640.59",0.021,0.102,-0.074
"SD","RX",2017,957.46,"137.258","100.382","9,538.23",0.421,0.139,0.248
"TN","IP",2014,877.83,"59.841","15,333.09","57.251",0,0,0
"TN","IP",2015,923.03,"59.895","16,004.19","57.675",0.051,0.044,0.007
"TN","IP",2016,935.36,"63.035","16,296.89","57.395",0.013,0.018,-0.005
"TN","IP",2017,978.15,"65.974","16,890.14","57.913",0.046,0.036,0.009
"TN","OP",2014,1219.14,"235.839","496.344","2,456.25",0,0,0
"TN","OP",2015,1283.27,"253.847","510.269","2,514.90",0.053,0.027,0.025
"TN","OP",2016,1324.2,"271.429","519.994","2,546.57",0.032,0.019,0.013
"TN","OP",2017,1348.44,"295.335","545.038","2,474.03",0.018,0.049,-0.029
"TN","PH",2014,1640.82,"390.737","88.049","18,635.24",0,0,0
"TN","PH",2015,1707.98,"406.957","91.125","18,743.17",0.041,0.035,0.006
"TN","PH",2016,1761.95,"422.18","93.044","18,936.88",0.032,0.021,0.01
"TN","PH",2017,1810,"451.247","95.222","19,008.22",0.027,0.023,0.004
"TN","RX",2014,1007.26,"207.129","84.619","11,903.44",0,0,0
"TN","RX",2015,1073.38,"205.186","90.077","11,916.22",0.066,0.065,0.001
"TN","RX",2016,1141.73,"203.975","95.587","11,944.44",0.064,0.061,0.002
"TN","RX",2017,1177.53,"196.135","97.994","12,016.38",0.031,0.025,0.006
"TX","IP",2014,1092.61,"68.266","18,216.03","59.981",0,0,0
"TX","IP",2015,1120.36,"69.219","19,018.50","58.909",0.025,0.044,-0.018
"TX","IP",2016,1170.86,"71.037","19,737.67","59.321",0.045,0.038,0.007
"TX","IP",2017,1170.54,"72.68","20,267.89","57.754",0,0.027,-0.026
"TX","OP",2014,1445.87,"268.28","637.696","2,267.33",0,0,0
"TX","OP",2015,1535.14,"289.577","667.12","2,301.14",0.062,0.046,0.015
"TX","OP",2016,1689.22,"319.793","708.135","2,385.45",0.1,0.062,0.036
"TX","OP",2017,1740.98,"339.335","747.675","2,328.52",0.031,0.056,-0.024
"TX","PH",2014,1808.73,"393.386","99.789","18,125.61",0,0,0
"TX","PH",2015,1902.05,"418.295","103.116","18,445.85",0.052,0.033,0.018
"TX","PH",2016,1966.53,"432.392","105.901","18,569.58",0.034,0.027,0.007
"TX","PH",2017,1969.28,"444.045","107.4","18,335.89",0.001,0.014,-0.013
"TX","RX",2014,1023.74,"195.686","106.644","9,599.58",0,0,0
"TX","RX",2015,1095.18,"184.329","114.945","9,527.90",0.07,0.078,-0.007
"TX","RX",2016,1132.02,"181.341","118.348","9,565.15",0.034,0.03,0.004
"TX","RX",2017,1169.03,"176.521","114.253","10,231.97",0.033,-0.035,0.07
"UT","IP",2014,925.44,"74.513","14,494.70","63.847",0,0,0
"UT","IP",2015,902.96,"70.284","14,927.02","60.492",-0.024,0.03,-0.053
"UT","IP",2016,971.65,"72.223","15,580.35","62.364",0.076,0.044,0.031
"UT","IP",2017,947.06,"72.6","15,385.56","61.555",-0.025,-0.013,-0.013
"UT","OP",2014,1265.65,"250.964","543.796","2,327.43",0,0,0
"UT","OP",2015,1325.67,"263.574","558.945","2,371.75",0.047,0.032,0.016
"UT","OP",2016,1391.31,"272.864","553.673","2,512.88",0.05,-0.01,0.06
"UT","OP",2017,1401.95,"280.054","573.007","2,446.65",0.008,0.034,-0.025
"UT","PH",2014,1206.85,"307.464","95.17","12,680.96",0,0,0
"UT","PH",2015,1238.72,"320.473","97.523","12,701.83",0.026,0.025,0.002
"UT","PH",2016,1300.84,"314.322","101.114","12,865.08",0.05,0.037,0.013
"UT","PH",2017,1334.24,"325.774","104.165","12,808.89",0.026,0.03,-0.004
"UT","RX",2014,647.3,"142.359","87.141","7,428.17",0,0,0
"UT","RX",2015,680.61,"139.048","91.927","7,403.80",0.051,0.055,-0.003
"UT","RX",2016,786.98,"140.807","98.773","7,967.53",0.156,0.074,0.076
"UT","RX",2017,819.63,"140.843","100.45","8,159.63",0.041,0.017,0.024
"VA","IP",2014,924.78,"42.602","17,282.69","53.509",0,0,0
"VA","IP",2015,961.11,"42.865","18,146.12","52.965",0.039,0.05,-0.01
"VA","IP",2016,973.92,"44.519","18,270.71","53.305",0.013,0.007,0.006
"VA","IP",2017,1054.73,"47.308","19,683.18","53.585",0.083,0.077,0.005
"VA","OP",2014,1410.74,"205.715","574.122","2,457.22",0,0,0
"VA","OP",2015,1443.64,"222.148","588.149","2,454.54",0.023,0.024,-0.001
"VA","OP",2016,1505.35,"242.202","597.448","2,519.64",0.043,0.015,0.027
"VA","OP",2017,1568.66,"256.129","635.723","2,467.52",0.042,0.064,-0.02
"VA","PH",2014,1598.39,"323.632","96.394","16,581.90",0,0,0
"VA","PH",2015,1653.78,"343.519","99.093","16,689.25",0.035,0.028,0.006
"VA","PH",2016,1681.99,"364.673","100.935","16,664.11",0.017,0.019,-0.002
"VA","PH",2017,1751.05,"379.534","103.875","16,857.26",0.041,0.029,0.012
"VA","RX",2014,915.27,"159.434","94.34","9,701.85",0,0,0
"VA","RX",2015,977.26,"155.52","101.497","9,628.40",0.068,0.076,-0.008
"VA","RX",2016,1036.06,"158.482","106.585","9,720.52",0.06,0.05,0.01
"VA","RX",2017,1077.21,"153.267","109.154","9,868.71",0.04,0.024,0.015
"VT","IP",2014,793.18,"39.116","18,894.39","41.98",0,0,0
"VT","IP",2015,783.39,"38.984","18,131.19","43.207",-0.012,-0.04,0.029
"VT","IP",2016,887.67,"37.255","19,880.75","44.65",0.133,0.096,0.033
"VT","IP",2017,1054.77,"45.617","21,527.02","48.998",0.188,0.083,0.097
"VT","OP",2014,1815.1,"315.025","382.507","4,745.27",0,0,0
"VT","OP",2015,2000.11,"340.224","390.172","5,126.23",0.102,0.016,0.086
"VT","OP",2016,2129.6,"361.454","405.197","5,255.71",0.065,0.048,0.018
"VT","OP",2017,2162.04,"362.972","426.334","5,071.22",0.015,0.048,-0.031
"VT","PH",2014,1625.77,"369.257","152.924","10,631.21",0,0,0
"VT","PH",2015,1650.8,"376.116","153.411","10,760.66",0.015,0.003,0.012
"VT","PH",2016,1810.13,"389.685","163.818","11,049.66",0.097,0.068,0.027
"VT","PH",2017,2002.66,"411.352","176.399","11,353.01",0.106,0.077,0.027
"VT","RX",2014,785.87,"124.593","89.638","8,767.11",0,0,0
"VT","RX",2015,835.14,"123.324","96.441","8,659.57",0.063,0.076,-0.012
"VT","RX",2016,959.5,"130.976","109.16","8,789.86",0.149,0.132,0.015
"VT","RX",2017,877.81,"145.132","99.55","8,817.82",-0.085,-0.088,0.003
"WA","IP",2014,1044.95,"50.18","21,661.05","48.241",0,0,0
"WA","IP",2015,1033.31,"48.384","22,145.14","46.661",-0.011,0.022,-0.033
"WA","IP",2016,1024.33,"48.141","22,178.04","46.187",-0.009,0.001,-0.01
"WA","IP",2017,1090.33,"47.401","24,051.12","45.334",0.064,0.084,-0.018
"WA","OP",2014,1336.13,"199.879","552.47","2,418.47",0,0,0
"WA","OP",2015,1367.94,"204.462","567.812","2,409.14",0.024,0.028,-0.004
"WA","OP",2016,1422.95,"213.885","577.276","2,464.94",0.04,0.017,0.023
"WA","OP",2017,1502.83,"227.696","613.085","2,451.25",0.056,0.062,-0.005
"WA","PH",2014,1625.45,"357.817","107.731","15,088.06",0,0,0
"WA","PH",2015,1683.42,"365.972","110.074","15,293.55",0.036,0.022,0.014
"WA","PH",2016,1715.94,"374.921","112.241","15,288.06",0.019,0.02,0
"WA","PH",2017,1756.74,"379.988","114.423","15,353.10",0.024,0.019,0.004
"WA","RX",2014,757.89,"129.64","94.855","7,990.00",0,0,0
"WA","RX",2015,852.58,"129.222","104.561","8,153.91",0.125,0.102,0.021
"WA","RX",2016,907.77,"125.511","111.751","8,123.16",0.065,0.069,-0.004
"WA","RX",2017,993.66,"122.098","118.653","8,374.47",0.095,0.062,0.031
"WI","IP",2014,1035.34,"46.063","18,807.18","55.05",0,0,0
"WI","IP",2015,1029.13,"47.624","18,932.66","54.357",-0.006,0.007,-0.013
"WI","IP",2016,1106.41,"47.729","19,897.23","55.606",0.075,0.051,0.023
"WI","IP",2017,1100.67,"47.224","20,455.05","53.809",-0.005,0.028,-0.032
"WI","OP",2014,1577.3,"249.269","487.525","3,235.33",0,0,0
"WI","OP",2015,1650.84,"266.036","505.924","3,263.02",0.047,0.039,0.008
"WI","OP",2016,1784.85,"286.687","520.724","3,427.63",0.081,0.029,0.051
"WI","OP",2017,1851.88,"305.956","550.106","3,366.40",0.038,0.056,-0.018
"WI","PH",2014,2204.64,"455.147","160.52","13,734.35",0,0,0
"WI","PH",2015,2266.94,"477.229","165.087","13,731.82",0.028,0.028,0
"WI","PH",2016,2367.31,"490.019","168.985","14,008.99",0.044,0.024,0.02
"WI","PH",2017,2435.51,"510.095","174.917","13,923.75",0.029,0.035,-0.006
"WI","RX",2014,754.4,"162.736","77.341","9,754.14",0,0,0
"WI","RX",2015,810.84,"155.985","86.316","9,393.84",0.075,0.116,-0.037
"WI","RX",2016,894.17,"156.448","94.912","9,421.04",0.103,0.1,0.003
"WI","RX",2017,983.04,"157.945","99.471","9,882.66",0.099,0.048,0.049
"WV","IP",2014,1198.25,"49.682","20,394.00","58.755",0,0,0
"WV","IP",2015,1188.66,"49.076","21,316.76","55.762",-0.008,0.045,-0.051
"WV","IP",2016,1268.68,"50.104","21,359.24","59.397",0.067,0.002,0.065
"WV","IP",2017,1367.23,"58.038","23,814.04","57.413",0.078,0.115,-0.033
"WV","OP",2014,2201.52,"310.902","473.767","4,646.84",0,0,0
"WV","OP",2015,2229.14,"343.806","484.404","4,601.83",0.013,0.017,-0.003
"WV","OP",2016,2395.94,"387.227","504.423","4,749.86",0.075,0.043,0.031
"WV","OP",2017,2631.49,"412.418","540.267","4,870.73",0.098,0.075,0.023
"WV","PH",2014,1422.41,"300.661","98.859","14,388.21",0,0,0
"WV","PH",2015,1446.9,"320.771","100.23","14,435.77",0.017,0.014,0.003
"WV","PH",2016,1517.43,"345.49","103.842","14,612.82",0.049,0.036,0.012
"WV","PH",2017,1624.95,"363.482","110.263","14,737.05",0.071,0.062,0.009
"WV","RX",2014,938.15,"190.202","76.679","12,234.78",0,0,0
"WV","RX",2015,1008.76,"181.76","83.897","12,023.84",0.075,0.094,-0.017
"WV","RX",2016,1142.38,"186.918","90.902","12,567.12",0.132,0.083,0.045
"WV","RX",2017,1176.39,"188.435","90.824","12,952.40",0.03,-0.001,0.031
"WY","IP",2014,1299.04,"67.716","21,293.80","61.006",0,0,0
"WY","IP",2015,1438.26,"70.143","23,530.93","61.122",0.107,0.105,0.002
"WY","IP",2016,1395.73,"69.778","23,763.13","58.735",-0.03,0.01,-0.039
"WY","IP",2017,1199.3,"62.894","23,019.22","52.1",-0.141,-0.031,-0.113
"WY","OP",2014,1959.83,"278.988","578.21","3,389.47",0,0,0
"WY","OP",2015,2029.21,"290.245","600.848","3,377.25",0.035,0.038,-0.002
"WY","OP",2016,2271.33,"309.235","634.865","3,577.65",0.119,0.055,0.061
"WY","OP",2017,2189.71,"347.126","640.342","3,419.59",-0.036,0.01,-0.045
"WY","PH",2014,2308.73,"456.031","189.903","12,157.44",0,0,0
"WY","PH",2015,2404.63,"473.337","198.653","12,104.70",0.042,0.046,-0.004
"WY","PH",2016,2268.44,"450.558","190.052","11,935.89",-0.057,-0.043,-0.014
"WY","PH",2017,2267.27,"477.722","194.813","11,638.20",-0.001,0.025,-0.025
"WY","RX",2014,757.25,"159.672","86.902","8,713.87",0,0,0
"WY","RX",2015,775.64,"144.652","91.474","8,479.30",0.024,0.053,-0.027
"WY","RX",2016,917.76,"150.416","103.988","8,825.58",0.183,0.137,0.041
"WY","RX",2017,1002.88,"149.751","108.459","9,246.70",0.093,0.043,0.048
